<?xml version="1.0" encoding="UTF-8"?>
<project-private xmlns="http://www.netbeans.org/ns/project-private/1">
    <editor-bookmarks xmlns="http://www.netbeans.org/ns/editor-bookmarks/2" lastBookmarkId="0"/>
    <open-files xmlns="http://www.netbeans.org/ns/projectui-open-files/2">
        <group>
            <file>file:/C:/B_F/SS/U/HTL-GKR/BMGT/U_1617_MGI_III_S/WS/B_NWP/SOFTWARE/E_REST_Server/src/java/kartei/ApplicationConfig.java</file>
            <file>file:/C:/B_F/SS/U/HTL-GKR/BMGT/U_1617_MGI_III_S/WS/B_NWP/SOFTWARE/E_REST_Server/src/java/kartei/PatientResource.java</file>
        </group>
    </open-files>
</project-private>
