<?xml version="1.0" encoding="UTF-8"?>
<project-private xmlns="http://www.netbeans.org/ns/project-private/1">
    <editor-bookmarks xmlns="http://www.netbeans.org/ns/editor-bookmarks/2" lastBookmarkId="0"/>
    <open-files xmlns="http://www.netbeans.org/ns/projectui-open-files/2">
        <group>
            <file>file:/C:/Users/jerem/Jeremias/Schule/3.%20Klasse/MGIN/Uebungen/II/Weihnachtsprojekt/RaspberryHeartProject/src/RaspberryGrafik.java</file>
            <file>file:/C:/Users/jerem/Jeremias/Schule/3.%20Klasse/MGIN/Uebungen/II/Weihnachtsprojekt/RaspberryHeartProject/src/FXMLDocumentController.java</file>
            <file>file:/C:/Users/jerem/Jeremias/Schule/3.%20Klasse/MGIN/Uebungen/II/Weihnachtsprojekt/RaspberryHeartProject/src/CustomTask.java</file>
            <file>file:/C:/Users/jerem/Jeremias/Schule/3.%20Klasse/MGIN/Uebungen/II/Weihnachtsprojekt/RaspberryHeartProject/src/FXMLDocument.fxml</file>
        </group>
    </open-files>
</project-private>
